Title,Link,Author,Level,Date,Duration,Average Rating,No of Users
AWS Developer - An Introduction to AWS Lambda,https://www.pluralsight.com/courses/aws-developer-introduction-aws-lambda,Fernando Medina Corey,Beginner,Jan 3 2017,1h 51m,4.5/5.0,132
AWS Developer: Lambda Deep Dive,https://www.pluralsight.com/courses/aws-developer-lambda-deep-dive,Dror Helper,Intermediate,Jul 1 2018,3h 18m,4.0/5.0,29
AWS Security Fundamentals,https://www.pluralsight.com/courses/aws-security-fundamentals,Keith Townsend,Beginner,Aug 15 2016,2h 4m,3.5/5.0,59
Accelerating the Character Rigging Process in Maya,https://www.pluralsight.com/courses/accelerating-character-rigging-maya-2101,Eric Kunzendorf,Advanced,May 14 2015,4h 31m,4.5/5.0,12
Accelerating the Face-rigging Process in Maya,https://www.pluralsight.com/courses/accelerating-face-rigging-process-maya-2148,Eric Kunzendorf,Advanced,Jun 16 2015,4h 31m,5.0/5.0,11
Advanced Python,https://www.pluralsight.com/courses/advanced-python,Robert Smallshire,Advanced,Jun 23 2017,3h 53m,4.5/5.0,58
Advanced V-Ray Techniques for Film and TV,https://www.pluralsight.com/courses/advanced-v-ray-techniques-film-tv-2399,Ashish Dani,Advanced,Feb 15 2016,2h 10m,No Reviews Yet.,No Reviews Yet.
Analyzing and Visualizing Resource Usage Using the Google Cloud Billing APIs,https://www.pluralsight.com/courses/google-cloud-platform-billing-apis-analyzing-visualizing-resource-usage,Vitthal Srinivasan,Beginner,Jan 8 2019,1h 24m,No Reviews Yet.,No Reviews Yet.
Apache Spark Fundamentals,https://www.pluralsight.com/courses/apache-spark-fundamentals,Justin Pihony,Intermediate,Oct 26 2015,4h 27m,4.0/5.0,247
Applying Real-time Processing Using Apache Storm,https://www.pluralsight.com/courses/apache-storm-applying-real-time-processing-using,Swetha Kolalapudi,Beginner,Mar 8 2017,2h 15m,4.5/5.0,28
Architecting Big Data Solutions Using Google Bigtable,https://www.pluralsight.com/courses/google-bigtable-architecting-big-data-solutions,Janani Ravi,Beginner,Dec 3 2018,2h 2m,No Reviews Yet.,No Reviews Yet.
Architecting Data Warehousing Solutions Using Google BigQuery,https://www.pluralsight.com/courses/google-bigquery-architecting-data-warehousing-solutions,Janani Ravi,Beginner,Oct 14 2018,2h 48m,No Reviews Yet.,No Reviews Yet.
Architecting Event-driven Serverless Solutions Using Google Cloud Functions,https://www.pluralsight.com/courses/google-cloud-functions-architecting-event-driven-serverless-solutions,Janani Ravi,Beginner,Dec 3 2018,2h 5m,No Reviews Yet.,No Reviews Yet.
Architecting Production-ready ML Models Using Google Cloud ML Engine,https://www.pluralsight.com/courses/google-ml-engine-architecting-production-ready-models,Vitthal Srinivasan,Intermediate,Jan 8 2019,2h 12m,No Reviews Yet.,No Reviews Yet.
Architecting Schemaless Scalable NoSQL Databases Using Google Datastore,https://www.pluralsight.com/courses/google-cloud-platform-datastore-nosql-architecting-schemaless-scalable-databases,Vitthal Srinivasan,Beginner,Jan 9 2019,1h 48m,No Reviews Yet.,No Reviews Yet.
Architecting Serverless Big Data Solutions Using Google Dataflow,https://www.pluralsight.com/courses/google-dataflow-architecting-serverless-big-data-solutions,Janani Ravi,Beginner,Dec 13 2018,2h 15m,No Reviews Yet.,No Reviews Yet.
Architecting Stream Processing Solutions Using Google Cloud Pub/Sub,https://www.pluralsight.com/courses/google-cloud-platform-pubsub-architecting-stream-processing-solutions,Vitthal Srinivasan,Beginner,Jan 7 2019,1h 44m,No Reviews Yet.,No Reviews Yet.
Artist's Guide to Python Scripting in Maya,https://www.pluralsight.com/courses/artists-guide-python-scripting-maya-1405,Delano Athias,Intermediate,Dec 1 2013,1h 53m,4.5/5.0,
Automating Networks with Ansible the Right Way,https://www.pluralsight.com/courses/automating-networks-ansible-right-way,Nick Russo,Intermediate,Mar 26 2019,3h 13m,No Reviews Yet.,No Reviews Yet.
Beginning Data Exploration and Analysis with Apache Spark,https://www.pluralsight.com/courses/apache-spark-beginning-data-exploration-analysis,Swetha Kolalapudi,Beginner,Oct 19 2016,1h 57m,4.5/5.0,82
Blend Shape-based Facial Rigging in Maya,https://www.pluralsight.com/courses/blend-shape-based-facial-rigging-maya-1838,Delano Athias,Intermediate,Oct 29 2014,5h 2m,5.0/5.0,19
Boost Data Science Productivity with PyCharm,https://www.pluralsight.com/courses/pycharm-boost-data-science-productivity,Dan Tofan,Intermediate,Mar 28 2019,2h 33m,No Reviews Yet.,No Reviews Yet.
Building Data Visualizations Using Plotly,https://www.pluralsight.com/courses/plotly-building-data-visualizations,Janani Ravi,Beginner,Aug 9 2018,2h 11m,No Reviews Yet.,No Reviews Yet.
Building Deep Learning Models Using PyTorch,https://www.pluralsight.com/courses/pytorch-building-deep-learning-models,Janani Ravi,Beginner,Oct 11 2018,3h 18m,4.5/5.0,18
Building Features from Numeric Data,https://www.pluralsight.com/courses/building-features-numeric-data,Janani Ravi,Beginner,Apr 7 2019,2h 25m,No Reviews Yet.,No Reviews Yet.
Building Image Processing Applications Using scikit-image,https://www.pluralsight.com/courses/scikit-image-building-image-processing-applications,Janani Ravi,Beginner,Nov 19 2018,1h 49m,4.0/5.0,
Building Interactive Visualizations Using Bokeh,https://www.pluralsight.com/courses/bokeh-building-interactive-visualizations,Janani Ravi,Beginner,Sep 10 2018,1h 47m,No Reviews Yet.,No Reviews Yet.
Building Machine Learning Models in Python with scikit-learn,https://www.pluralsight.com/courses/python-scikit-learn-building-machine-learning-models,Janani Ravi,Beginner,Apr 29 2018,3h 13m,4.5/5.0,66
Building More Python Design Patterns,https://www.pluralsight.com/courses/python-design-patterns-building-more,Gerald Britton,Intermediate,Apr 9 2017,2h 7m,4.0/5.0,21
Building Pipelines for Workflow Orchestration Using Google Composer,https://www.pluralsight.com/courses/google-cloud-platform-composer-building-pipelines-workflow-orchestration,Vitthal Srinivasan,Intermediate,Jan 14 2019,1h 58m,No Reviews Yet.,No Reviews Yet.
Building Sentiment Analysis Systems in Python,https://www.pluralsight.com/courses/building-sentiment-analysis-systems-python,Vitthal Srinivasan,Intermediate,Jan 3 2017,2h 31m,4.5/5.0,50
Building Statistical Models Using StatsModels,https://www.pluralsight.com/courses/statsmodels-building-statistical-models,Janani Ravi,Beginner,Nov 15 2018,2h 9m,No Reviews Yet.,No Reviews Yet.
Building a Custom Flare Tool in NUKE,https://www.pluralsight.com/courses/building-flare-tool-nuke-2067,Doug Hogan,Intermediate,Apr 23 2015,2h 7m,No Reviews Yet.,No Reviews Yet.
Building a Custom Re/RimLighter Tool with NUKE,https://www.pluralsight.com/courses/building-custom-re-rimlighter-tool-nuke-2174,Doug Hogan,Advanced,Jul 13 2015,1h 56m,No Reviews Yet.,No Reviews Yet.
Building a REST API Using Python and Flask,https://www.pluralsight.com/courses/python-flask-rest-api,Sanjay Rai,Intermediate,Jul 1 2018,1h 57m,3.5/5.0,70
Building and Deploying Keras Models in a Multi-cloud Environment,https://www.pluralsight.com/courses/keras-models-building-deploying-multi-cloud-environment,Janani Ravi,Beginner,Jun 28 2018,2h 56m,4.5/5.0,11
Cisco ACI Programmability,https://www.pluralsight.com/courses/cisco-aci-programmability,Lauren Malhoit,Intermediate,Feb 15 2017,1h 11m,No Reviews Yet.,No Reviews Yet.
Classification Using Tree Based Models,https://www.pluralsight.com/courses/tree-based-models-classification,Swetha Kolalapudi,Beginner,Jan 5 2017,1h 57m,4.5/5.0,61
Cleaning Data: Python Data Playbook,https://www.pluralsight.com/courses/cleaning-data-python-data-playbook,Chris Achard,Beginner,Dec 9 2018,1h 8m,No Reviews Yet.,No Reviews Yet.
Code School: Flying Through Python,https://www.pluralsight.com/courses/code-school-flying-through-python,Sarah Holderness,Beginner,Jan 27 2016,57m,4.5/5.0,29
CoffeeScript Fundamentals,https://www.pluralsight.com/courses/coffeescript-fundamentals,Liam McLennan,Intermediate,Sep 11 2011,1h 59m,4.5/5.0,137
Continuous Delivery Using Docker And Ansible,https://www.pluralsight.com/courses/docker-ansible-continuous-delivery,Justin Menga,Intermediate,May 9 2016,7h 13m,4.5/5.0,119
Core Python: Organizing Larger Programs,https://www.pluralsight.com/courses/core-python-organizing-larger-programs,Robert Smallshire,Intermediate,Mar 7 2019,1h 5m,5.0/5.0,11
Creating Custom User Interfaces in Maya and Qt Designer,https://www.pluralsight.com/courses/custom-user-interfaces-maya-qt-designer-1167,Tim Callaway,Intermediate,Jan 5 2014,1h 33m,No Reviews Yet.,No Reviews Yet.
Creating Geospatial Maps with MapServer and GDAL,https://www.pluralsight.com/courses/map-server-gdal-creating-geospatial-maps,Jon Oxtoby,Beginner,Aug 8 2016,2h 35m,5.0/5.0,13
Database Programming with Pyodbc: Python Playbook,https://www.pluralsight.com/courses/database-programming-pyodbc-python-playbook,Warner Chaves,Intermediate,Apr 3 2019,2h 22m,No Reviews Yet.,No Reviews Yet.
Date and Time Fundamentals,https://www.pluralsight.com/courses/date-time-fundamentals,Matt Johnson,Intermediate,Sep 12 2014,6h 19m,5.0/5.0,207
Debugging and Monitoring TensorFlow Programs,https://www.pluralsight.com/courses/tensorflow-programs-debugging-monitoring,Janani Ravi,Intermediate,Mar 20 2018,2h 17m,No Reviews Yet.,No Reviews Yet.
Deploying Serverless Applications in AWS Using the Serverless Application Model,https://www.pluralsight.com/courses/aws-deploying-serverless-applications-application-model,Mark Hatch,Intermediate,Sep 20 2018,1h 28m,5.0/5.0,22
Deploying TensorFlow Models to AWS  Azure  and the GCP,https://www.pluralsight.com/courses/tensorflow-aws-azure-gcp-deploying-models,Janani Ravi,Intermediate,Apr 29 2018,2h 11m,3.5/5.0,
Design Patterns with Python,https://www.pluralsight.com/courses/python-design-patterns,Gerald Britton,Intermediate,Oct 12 2016,1h 57m,4.0/5.0,88
Designing and Implementing Solutions Using Google Cloud AutoML,https://www.pluralsight.com/courses/google-cloud-automl-designing-implementing-solutions,Janani Ravi,Beginner,Oct 11 2018,1h 41m,No Reviews Yet.,No Reviews Yet.
Designing and Implementing Solutions Using Google Machine Learning APIs,https://www.pluralsight.com/courses/google-machine-learning-apis-designing-implementing-solutions,Janani Ravi,Beginner,Oct 18 2018,1h 37m,4.5/5.0,
Developing GUI-based Tools for Production in NUKE,https://www.pluralsight.com/courses/nuke-developing-gui-based-tools-production-2549,Simon Jokuschies,Intermediate,Sep 12 2016,1h 49m,No Reviews Yet.,No Reviews Yet.
Developing Python Tools in NUKE,https://www.pluralsight.com/courses/developing-python-tools-nuke-2219,Simon Jokuschies,Advanced,Aug 15 2015,2h 38m,No Reviews Yet.,No Reviews Yet.
Developing Spark Applications Using Scala & Cloudera,https://www.pluralsight.com/courses/spark-scala-cloudera,Xavier Morera,Beginner,May 2 2018,5h 42m,4.0/5.0,22
Developing Spark Applications with Python & Cloudera,https://www.pluralsight.com/courses/spark-python-cloudera,Xavier Morera,Beginner,Feb 26 2018,5h 42m,4.0/5.0,21
Developing on the Google Cloud Using Datalab and Cloud Source Repositories,https://www.pluralsight.com/courses/google-cloud-platform-datalab-source-repositories-developing,Vitthal Srinivasan,Beginner,Jan 8 2019,1h 48m,No Reviews Yet.,No Reviews Yet.
Django Fundamentals,https://www.pluralsight.com/courses/django-fundamentals-update,Reindert-Jan Ekker,Intermediate,Dec 4 2017,3h 43m,4.0/5.0,68
Doing Data Science with Python,https://www.pluralsight.com/courses/python-data-science,Abhishek Kumar,Beginner,Dec 27 2017,6h 25m,4.5/5.0,147
Dynamic C# Fundamentals,https://www.pluralsight.com/courses/c-sharp-dynamic-fundamentals,Jason Roberts,Intermediate,Jun 6 2016,2h 50m,4.5/5.0,103
Enhancing Maya Toolsets with Python,https://www.pluralsight.com/courses/enhancing-maya-toolsets-python-1410,Delano Athias,Intermediate,Dec 8 2013,2h 5m,No Reviews Yet.,No Reviews Yet.
Exploring Human Muscles Setup in Maya,https://www.pluralsight.com/courses/exploring-human-muscles-setup-maya-2395,Jakub Krompolc,Advanced,Feb 10 2016,6h 48m,4.0/5.0,16
Extracting Structured Data from the Web Using Scrapy,https://www.pluralsight.com/courses/scrapy-extracting-structured-data,Janani Ravi,Beginner,Jul 5 2018,1h 52m,4.5/5.0,24
Foundations of PyTorch,https://www.pluralsight.com/courses/foundations-pytorch,Janani Ravi,Beginner,Mar 31 2019,2h 51m,No Reviews Yet.,No Reviews Yet.
Full Stack Web Development with Python (WEB2PY),https://www.pluralsight.com/courses/full-stack-web-development-python-web2py,Terry Toy,Beginner,Aug 20 2015,3h 2m,4.5/5.0,131
Functional Programming with Python,https://www.pluralsight.com/courses/python-functional-programming,Gerald Britton,Advanced,Aug 1 2017,1h 49m,4.0/5.0,23
Game Programming with Python and PyGame,https://www.pluralsight.com/courses/game-programming-python-pygame,Filip Ekberg,Intermediate,Dec 17 2013,4h 18m,4.5/5.0,88
Getting Started with Azure Machine Learning,https://www.pluralsight.com/courses/azure-machine-learning-getting-started,Jerry Kurata,Beginner,Nov 1 2016,2h 14m,5.0/5.0,149
Getting Started with Data Analysis Using Python,https://www.pluralsight.com/courses/python-data-analysis-getting-started,Terry Toy,Beginner,Sep 12 2017,2h 23m,3.5/5.0,46
Getting Started with Django CMS,https://www.pluralsight.com/courses/django-cms-getting-started,Brennan Davis,Intermediate,Jun 14 2017,1h 2m,4.0/5.0,20
Getting Started with Jupyter Notebook and Python,https://www.pluralsight.com/courses/jupyter-notebook-python,Douglas Starnes,Beginner,Mar 14 2018,2h 14m,4.5/5.0,25
Getting Started with Natural Language Processing with Python,https://www.pluralsight.com/courses/python-natural-language-processing,Swetha Kolalapudi,Beginner,Nov 13 2016,1h 43m,4.5/5.0,188
Getting Started with Python Concurrency,https://www.pluralsight.com/courses/python-concurrency-getting-started,Tim Ojo,Beginner,Oct 17 2017,2h 39m,4.5/5.0,42
Getting Started with Python Scripting in Maya,https://www.pluralsight.com/courses/getting-started-python-scripting-maya-1283,Delano Athias,Beginner,Sep 8 2013,1h 42m,4.0/5.0,30
Getting Started with Python on SQL Server,https://www.pluralsight.com/courses/python-sql-server-getting-started,Gerald Britton,Intermediate,Apr 17 2018,1h 25m,4.5/5.0,11
Getting Started with Spark 2,https://www.pluralsight.com/courses/spark-2-getting-started,Janani Ravi,Beginner,May 15 2018,2h 16m,5.0/5.0,41
Getting Started with Stream Processing with Spark Streaming,https://www.pluralsight.com/courses/spark-streaming-stream-processing-getting-started,Janani Ravi,Beginner,Jan 26 2017,2h 35m,4.5/5.0,67
Getting Started with the Python Standard Library,https://www.pluralsight.com/courses/python-standard-library-getting-started,Douglas Starnes,Beginner,Aug 22 2017,2h 39m,4.0/5.0,20
Hadoop for .NET Developers,https://www.pluralsight.com/courses/hadoop-for-dotnet-developers,Elton Stoneman,Beginner,Aug 28 2016,2h 53m,4.5/5.0,42
Hands on with Python Jinja Templating,https://www.pluralsight.com/courses/python-jinja-templating,Brett Romero,Intermediate,Dec 29 2014,1h 30m,3.0/5.0,50
Home Automation Fundamentals,https://www.pluralsight.com/courses/home-automation-fundamentals,Erik Dietrich,Intermediate,May 13 2014,2h 59m,4.5/5.0,146
Houdini to Unity: Advanced Production Pipeline,https://www.pluralsight.com/courses/houdini-unity-advanced-production-pipeline,Caesar Hernandez,Advanced,Aug 28 2017,6h 23m,No Reviews Yet.,No Reviews Yet.
How to Think About Machine Learning Algorithms,https://www.pluralsight.com/courses/machine-learning-algorithms,Swetha Kolalapudi,Beginner,Sep 26 2016,3h 8m,4.5/5.0,228
Importing Data: Python Data Playbook,https://www.pluralsight.com/courses/python-importing-data-playbook,Xavier Morera,Beginner,Nov 16 2018,1h 35m,No Reviews Yet.,No Reviews Yet.
Integrating Lead Forms  Salesforce  Slack  and Email with AWS,https://www.pluralsight.com/courses/aws-lead-forms-salesforce-slack-email,Tom Compagno,Beginner,Apr 10 2017,2h 1m,5.0/5.0,
Internal Footprinting: Reconnaissance and Mapping,https://www.pluralsight.com/courses/internal-footprinting-reconnaissance-mapping,Gus Khawaja,Intermediate,Nov 6 2018,1h 40m,No Reviews Yet.,No Reviews Yet.
Introduction to Data Visualization with Python,https://www.pluralsight.com/courses/data-visualization-with-python-introduction,YK Sugi,Intermediate,Jul 26 2017,1h 28m,5.0/5.0,127
Introduction to Houdini Digital Assets,https://www.pluralsight.com/courses/introduction-houdini-digital-assets-2499,Caesar Hernandez,Intermediate,Nov 22 2016,3h 39m,No Reviews Yet.,No Reviews Yet.
Introduction to the Flask Microframework,https://www.pluralsight.com/courses/flask-micro-framework-introduction,Reindert-Jan Ekker,Intermediate,Dec 25 2014,3h 57m,4.5/5.0,187
Learning To Program - Part 2: Abstractions,https://www.pluralsight.com/courses/learning-programming-abstractions-python,Scott Allen,Beginner,Jul 17 2013,2h 51m,4.5/5.0,499
Leveraging Advanced Features of Google App Engine,https://www.pluralsight.com/courses/google-cloud-platform-appengine-leveraging-advanced-features,Janani Ravi,Advanced,Jan 15 2019,1h 58m,No Reviews Yet.,No Reviews Yet.
Leveraging Advanced Features on the Google Cloud Kubernetes Engine,https://www.pluralsight.com/courses/google-cloud-kubernetes-engine-leveraging-advanced-features,Janani Ravi,Intermediate,Jan 14 2019,2h 31m,No Reviews Yet.,No Reviews Yet.
Linux Network Programming,https://www.pluralsight.com/courses/linux-network-programming,Chris Brown,Intermediate,Mar 13 2016,3h 24m,5.0/5.0,40
Linux Systems Programming,https://www.pluralsight.com/courses/linux-systems-programming,Chris Brown,Intermediate,Jun 11 2015,5h 15m,5.0/5.0,139
Machine Learning with XGBoost Using scikit-learn in Python,https://www.pluralsight.com/courses/xgboost-python-scikit-learn-machine-learning,Mike West,Intermediate,Dec 30 2018,1h 33m,4.0/5.0,11
Making Data into Something You Can See,https://www.pluralsight.com/courses/data-you-can-see,Troy Kranendonk,Beginner,Feb 20 2018,1h 12m,5.0/5.0,50
Managing Cloud Resources Using Google Stackdriver,https://www.pluralsight.com/courses/google-stackdriver-managing-cloud-resources,Janani Ravi,Beginner,Jan 15 2019,1h 35m,No Reviews Yet.,No Reviews Yet.
Managing Logs  Errors and Application Performance Using Google Stackdriver,https://www.pluralsight.com/courses/google-stackdriver-managing-logs-errors-application-performance,Vitthal Srinivasan,Beginner,Jan 17 2019,2h 10m,No Reviews Yet.,No Reviews Yet.
Managing Python Packages and Virtual Environments,https://www.pluralsight.com/courses/managing-python-packages-virtual-environments,Reindert-Jan Ekker,Beginner,Feb 1 2019,1h 23m,4.5/5.0,13
Mastering AWS Command-line Interface Operations,https://www.pluralsight.com/courses/aws-command-line-interface-mastering-operations,Chad Smith,Intermediate,Jan 9 2017,1h 49m,4.5/5.0,15
Meet Elixir,https://www.pluralsight.com/courses/meet-elixir,Jose Valim,Intermediate,Jun 17 2013,2h 5m,4.5/5.0,179
Meet Mercurial,https://www.pluralsight.com/courses/meet-mercurial,Dan Benjamin,Beginner,Jul 9 2010,52m,4.0/5.0,43
Microsoft Azure Cognitive Services: Custom Vision API,https://www.pluralsight.com/courses/microsoft-azure-cognitive-services-custom-vision-api,Andy Butland,Beginner,Nov 6 2018,1h 32m,No Reviews Yet.,No Reviews Yet.
Microsoft Azure Cognitive Services: Text to Speech API,https://www.pluralsight.com/courses/microsoft-azure-cognitive-services-text-speech-api,Jared Rhodes,Beginner,Mar 12 2019,1h 13m,No Reviews Yet.,No Reviews Yet.
Migrating Python 2 to Python 3,https://www.pluralsight.com/courses/python-2-to-python-3,Anthony Shaw,Intermediate,Mar 4 2018,1h 52m,No Reviews Yet.,No Reviews Yet.
Modern Java: The Big Picture,https://www.pluralsight.com/courses/modern-java-big-picture,Sander Mak,Beginner,Nov 1 2018,1h 58m,5.0/5.0,125
Moving Beyond JSON and XML with Protocol Buffers,https://www.pluralsight.com/courses/protocol-buffers-beyond-json-xml,Mike Van Sickle,Intermediate,Jul 4 2016,2h 17m,4.5/5.0,55
NUKE Node Enhancement with Python,https://www.pluralsight.com/courses/nuke-node-enhancement-python,Simon Jokuschies,Advanced,Jul 19 2017,2h 2m,No Reviews Yet.,No Reviews Yet.
NUKE Rendering,https://www.pluralsight.com/courses/nuke-rendering,Florian Girardot,Intermediate,Mar 29 2017,3h 1m,No Reviews Yet.,No Reviews Yet.
Network Analysis in Python: Getting Started,https://www.pluralsight.com/courses/python-network-analysis-getting-started,Artur Krochin,Beginner,Apr 9 2019,1h 58m,No Reviews Yet.,No Reviews Yet.
Network Penetration Testing Using Python and Kali Linux,https://www.pluralsight.com/courses/network-penetration-testing-python-kali-linux,Gus Khawaja,Beginner,Jan 24 2016,1h 23m,4.0/5.0,68
Objective-C for Rubyists,https://www.pluralsight.com/courses/objectivec-for-rubyists,Geoffrey Grosenbach,Intermediate,Feb 10 2009,1h 21m,No Reviews Yet.,No Reviews Yet.
Pandas Fundamentals,https://www.pluralsight.com/courses/pandas-fundamentals,Paweł Kordek,Beginner,Oct 9 2017,1h 20m,4.5/5.0,73
Pandas Playbook: Manipulating Data,https://www.pluralsight.com/courses/pandas-playbook-manipulating-data,Reindert-Jan Ekker,Intermediate,May 23 2018,2h 15m,5.0/5.0,21
Pandas Playbook: Visualization,https://www.pluralsight.com/courses/pandas-playbook-visualization,Reindert-Jan Ekker,Intermediate,Oct 8 2018,2h 11m,5.0/5.0,
Penetration Testing Automation Using Python and Kali Linux,https://www.pluralsight.com/courses/penetration-testing-automation-using-python-kali-linux,Gus Khawaja,Intermediate,Sep 7 2016,1h 56m,4.0/5.0,29
Play by Play: Building a Python Code Stats Tool with Zed Shaw,https://www.pluralsight.com/courses/play-by-play-zed-shaw,Geoffrey Grosenbach,Advanced,Apr 28 2011,1h 51m,4.0/5.0,50
Populating Complex Environments Using Python in Maya,https://www.pluralsight.com/courses/populating-complex-environments-python-maya-1480,William Dwelly,Advanced,Feb 17 2014,5h 13m,No Reviews Yet.,No Reviews Yet.
PowerShell Gotchas,https://www.pluralsight.com/courses/powershell-gotchas,Jim Christopher,Intermediate,Oct 27 2013,1h 40m,4.5/5.0,253
Practical Encryption and Cryptography Using Python,https://www.pluralsight.com/courses/practical-encryption-and-cryptography-using-python,Gus Khawaja,Intermediate,Aug 22 2018,2h 24m,3.5/5.0,18
Procedural Cities with Houdini and Python,https://www.pluralsight.com/courses/houdini-python-procedural-cities,Timothy Stam,Intermediate,Aug 23 2017,5h 4m,4.5/5.0,19
Procedural Rigging with Python in Maya,https://www.pluralsight.com/courses/procedural-rigging-python-maya-2283,Jakub Krompolc,Advanced,Sep 22 2015,7h 47m,4.5/5.0,15
Pushing Your Character Rigs Beyond the Basics in Maya,https://www.pluralsight.com/courses/pushing-char-rigs-beyond-basics-maya-1472,Delano Athias,Intermediate,Jan 26 2014,10h 44m,5.0/5.0,
Python Desktop Application Development,https://www.pluralsight.com/courses/python-desktop-application-development,Bo Milanovich,Beginner,Sep 3 2014,1h 43m,4.5/5.0,483
Python Desktop Application Development: Part 2 - Design,https://www.pluralsight.com/courses/python-desktop-application-development-design-part2,Bo Milanovich,Intermediate,Oct 9 2014,2h 17m,4.5/5.0,162
Python Fundamentals,https://www.pluralsight.com/courses/python-fundamentals,Austin Bingham,Intermediate,Sep 25 2017,5h 11m,4.5/5.0,3196
Python Quick Start for Linux System Administrators,https://www.pluralsight.com/courses/python-linux-system-administrators,Chris Brown,Intermediate,Apr 27 2017,3h 47m,4.5/5.0,50
Python for Maya Fundamentals,https://www.pluralsight.com/courses/python-maya-fundamentals,Dhruv Govil,Beginner,Oct 5 2017,2h 46m,4.5/5.0,11
Python – Beyond the Basics,https://www.pluralsight.com/courses/python-beyond-basics,Austin Bingham,Intermediate,Jul 17 2014,7h 22m,4.5/5.0,500
Python: Getting Started,https://www.pluralsight.com/courses/python-getting-started,Bo Milanovich,Beginner,Apr 26 2017,2h 59m,4.5/5.0,1127
Python: The Big Picture,https://www.pluralsight.com/courses/python-big-picture,Jason Olson,Beginner,Jan 25 2018,1h 5m,4.0/5.0,357
Raspberry Pi for Developers,https://www.pluralsight.com/courses/raspberry-pi-for-developers,Jon Flanders,Intermediate,May 29 2013,2h 24m,4.0/5.0,305
Reducing Complexity in Data,https://www.pluralsight.com/courses/reducing-complexity-data,Janani Ravi,Intermediate,Apr 10 2019,3h 20m,No Reviews Yet.,No Reviews Yet.
Regular Expression Fundamentals,https://www.pluralsight.com/courses/regular-expressions-fundamentals,Juliette Reinders Folmer,Beginner,Mar 8 2016,1h 33m,4.5/5.0,210
Render Scripting Using Python in Maya and Pdplayer,https://www.pluralsight.com/courses/render-scripting-python-maya-pdplayer-1587,Jimmy Johansson,Advanced,May 24 2014,2h 28m,No Reviews Yet.,No Reviews Yet.
Scripting with Python in Houdini,https://www.pluralsight.com/courses/scripting-python-houdini-1855,Chris Roda,Advanced,Oct 31 2014,2h 35m,No Reviews Yet.,No Reviews Yet.
Security for Hackers and Developers: Reverse Engineering,https://www.pluralsight.com/courses/reverse-engineering-security-hackers-developers,Dr. Jared DeMott,Intermediate,Mar 28 2017,2h 4m,4.5/5.0,34
Sentiment Analysis with Recurrent Neural Networks in TensorFlow,https://www.pluralsight.com/courses/tensorflow-sentiment-analysis-recurrent-neural-networks,Janani Ravi,Intermediate,Dec 19 2017,2h 54m,4.0/5.0,28
Social Engineering with the Social-Engineer Toolkit,https://www.pluralsight.com/courses/social-engineering-with-social-engineer-toolkit,Gus Khawaja,Intermediate,Oct 10 2017,2h 33m,3.5/5.0,13
Structured Streaming in Apache Spark 2,https://www.pluralsight.com/courses/apache-spark-2-structured-streaming,Janani Ravi,Beginner,Jun 21 2018,2h 11m,4.5/5.0,18
Take Control of Your Big Data with HUE in Cloudera CDH,https://www.pluralsight.com/courses/big-data-hue-cloudera-cdh,Xavier Morera,Beginner,Apr 23 2017,2h 54m,4.5/5.0,18
The Python Developer's Toolkit,https://www.pluralsight.com/courses/python-developers-toolkit,Reindert-Jan Ekker,Intermediate,Jul 17 2014,2h 19m,4.5/5.0,270
Translating Languages on AWS with Amazon Translate,https://www.pluralsight.com/courses/aws-translate-text,Fernando Medina Corey,Intermediate,Mar 7 2019,2h 31m,No Reviews Yet.,No Reviews Yet.
Understanding Algorithms for Recommendation Systems,https://www.pluralsight.com/courses/algorithms-recommendation-systems,Swetha Kolalapudi,Beginner,Jan 31 2017,2h 13m,4.5/5.0,55
Understanding Databases with SQLAlchemy: Python Data Playbook,https://www.pluralsight.com/courses/python-sqlalchemy-playbook-understanding-databases,Xavier Morera,Beginner,Mar 15 2019,1h 22m,No Reviews Yet.,No Reviews Yet.
Understanding Machine Learning with Python,https://www.pluralsight.com/courses/python-understanding-machine-learning,Jerry Kurata,Beginner,May 16 2016,1h 54m,4.5/5.0,463
Understanding and Applying Factor Analysis and PCA,https://www.pluralsight.com/courses/understanding-applying-factor-analysis-pca,Vitthal Srinivasan,Intermediate,Mar 8 2017,2h 35m,4.5/5.0,33
Understanding and Applying Financial Risk Modeling Techniques,https://www.pluralsight.com/courses/financial-risk-modeling-techniques,Vitthal Srinivasan,Intermediate,Apr 16 2017,2h 52m,4.5/5.0,14
Understanding and Applying Linear Regression,https://www.pluralsight.com/courses/understanding-applying-linear-regression,Vitthal Srinivasan,Beginner,Feb 9 2017,4h 12m,4.0/5.0,45
Understanding and Applying Logistic Regression,https://www.pluralsight.com/courses/understanding-applying-logistic-regression,Vitthal Srinivasan,Intermediate,Mar 30 2017,2h 22m,4.0/5.0,22
Understanding and Applying Numerical Optimization Techniques,https://www.pluralsight.com/courses/numerical-optimization-techniques,Vitthal Srinivasan,Intermediate,May 3 2017,3h 59m,4.0/5.0,11
Unit Testing with Python,https://www.pluralsight.com/courses/unit-testing-python,Emily Bache,Intermediate,Oct 31 2013,2h 58m,4.5/5.0,254
Visualizing Statistical Data Using Seaborn,https://www.pluralsight.com/courses/seaborn-visualizing-statistical-data,Janani Ravi,Beginner,Jun 6 2018,1h 43m,No Reviews Yet.,No Reviews Yet.
Web Development with Django and AngularJS,https://www.pluralsight.com/courses/django-angularjs-web-development,Reindert-Jan Ekker,Intermediate,Nov 6 2016,3h 42m,4.0/5.0,54
What's New in Django 1.7 and 1.8,https://www.pluralsight.com/courses/django-1-7-whats-new,Reindert-Jan Ekker,Intermediate,Oct 6 2015,59m,4.5/5.0,46
What's New in Python 3.7,https://www.pluralsight.com/courses/python-whats-new,Anthony Shaw,Intermediate,May 31 2018,56m,5.0/5.0,29
Working with Dates and Times in Python,https://www.pluralsight.com/courses/python-times-dates,Georgy Pashkov,Advanced,Nov 2 2017,2h 2m,No Reviews Yet.,No Reviews Yet.
Working with Graph Algorithms in Python,https://www.pluralsight.com/courses/graph-algorithms-python,Janani Ravi,Beginner,Jul 18 2017,2h 14m,5.0/5.0,30
Working with Multidimensional Data Using NumPy,https://www.pluralsight.com/courses/numpy-working-with-multidimensional-data,Janani Ravi,Beginner,Jun 21 2018,1h 43m,4.0/5.0,24
Writing Burp Suite Macros and Plugins,https://www.pluralsight.com/courses/writing-burp-suite-macros-plugins,Sunny Wear,Advanced,Nov 19 2017,2h 48m,No Reviews Yet.,No Reviews Yet.
